{
  "best_val_psnr": 32.077009201049805,
  "best_iter": 100000,
  "best_ckpt_path": "/workspace/nerf-pytorch/logs/100k_muon_lr/mic/aux-muon/lr0p0003_decay100_mlr0.0003_args/mic_aux-muon_100k_muonlr0p0029244739_adam0p002810029_decay111_trial007/best.tar",
  "lrate": 0.002810028958575142,
  "muon_lrate": 0.0029244738514029476,
  "expname": "mic_aux-muon_100k_muonlr0p0029244739_adam0p002810029_decay111_trial007",
  "N_iters": 100000,
  "eval_every": 5000,
  "max_eval_views": 2,
  "elapsed_sec": 6470.93066573143,
  "optimizer": "aux-muon",
  "seed": 0
}