{
  "best_val_psnr": 27.986865997314453,
  "best_iter": 100000,
  "best_ckpt_path": "/workspace/nerf-pytorch/logs/100k_muon_lr/drums/aux-sign/lr0p0003_decay100_mlr0.0003_args/drums_aux-sign_100k_muonlr0p0029244739_adam0p002810029_decay111_trial006/best.tar",
  "lrate": 0.002810028958575142,
  "muon_lrate": 0.0029244738514029476,
  "expname": "drums_aux-sign_100k_muonlr0p0029244739_adam0p002810029_decay111_trial006",
  "N_iters": 100000,
  "eval_every": 5000,
  "max_eval_views": 2,
  "elapsed_sec": 7319.847910165787,
  "optimizer": "aux-sign",
  "seed": 0
}