{
  "best_val_psnr": 31.192842483520508,
  "best_iter": 100000,
  "best_ckpt_path": "/workspace/nerf-pytorch/logs/100k_muon_lr/ship/aux-sign/lr0p0003_decay100_mlr0.0003_args/ship_aux-sign_100k_muonlr0p0029259815_adam0p0003541238_decay111_trial009/best.tar",
  "lrate": 0.00035412377657100045,
  "muon_lrate": 0.0029259814710696215,
  "expname": "ship_aux-sign_100k_muonlr0p0029259815_adam0p0003541238_decay111_trial009",
  "N_iters": 100000,
  "eval_every": 5000,
  "max_eval_views": 2,
  "elapsed_sec": 7366.008950948715,
  "optimizer": "aux-sign",
  "seed": 0
}