{
  "best_val_psnr": 32.05884552001953,
  "best_iter": 95000,
  "best_ckpt_path": "/workspace/nerf-pytorch/logs/100k_muon_lr/mic/aux-sign/lr0p0003_decay100_mlr0.0003_args/mic_aux-sign_100k_muonlr0p0029244739_adam0p002810029_decay111_trial008/best.tar",
  "lrate": 0.002810028958575142,
  "muon_lrate": 0.0029244738514029476,
  "expname": "mic_aux-sign_100k_muonlr0p0029244739_adam0p002810029_decay111_trial008",
  "N_iters": 100000,
  "eval_every": 5000,
  "max_eval_views": 2,
  "elapsed_sec": 7267.355440378189,
  "optimizer": "aux-sign",
  "seed": 0
}