{
  "best_val_psnr": 31.309629440307617,
  "best_iter": 100000,
  "best_ckpt_path": "/workspace/nerf-pytorch/logs/100k_muon_lr/lego/aux-muon/lr0p0003_decay100_mlr0.0003_args/lego_aux-muon_100k_muonlr0p0028651807_adam0p0004044105_decay119_trial011/best.tar",
  "lrate": 0.00040441047995590625,
  "muon_lrate": 0.0028651807424552407,
  "expname": "lego_aux-muon_100k_muonlr0p0028651807_adam0p0004044105_decay119_trial011",
  "N_iters": 100000,
  "eval_every": 5000,
  "max_eval_views": 2,
  "elapsed_sec": 6503.403757810593,
  "optimizer": "aux-muon",
  "seed": 0
}